{"C1": {"artificial_item_1": {"value": 0.07744276737498423, "time": 0.0015003681182861328, "cpu_time": 0.0014729999999989474}}, "C2": {"artificial_item_2": {"value": 0.17104482307455907, "time": 0.00244903564453125, "cpu_time": 0.002418999999999727}}, "C3": {"artificial_item_3": {"value": 0.15665477981823064, "time": 0.002853870391845703, "cpu_time": 0.0028369999999995343}}, "C4": {"artificial_item_4": {"value": 0.08734758374777482, "time": 0.0032269954681396484, "cpu_time": 0.0032169999999993593}}, "C5": {"artificial_item_5": {"value": 0.04521974443367426, "time": 0.0037832260131835938, "cpu_time": 0.0037810000000000343}}, "C6": {"artificial_item_6": {"value": 0.13057084226133384, "time": 0.0043430328369140625, "cpu_time": 0.004339999999999122}}, "C7": {"artificial_item_7": {"value": 0.09497655585635258, "time": 0.005007028579711914, "cpu_time": 0.005003000000000313}}, "C8": {"artificial_item_8": {"value": 0.10327139484821046, "time": 0.00463414192199707, "cpu_time": 0.004630000000000578}}, "C9": {"artificial_item_9": {"value": 0.08273433118648868, "time": 0.00541996955871582, "cpu_time": 0.005416999999999561}}, "C10": {"artificial_item_10": {"value": 0.10590526037233422, "time": 0.005769014358520508, "cpu_time": 0.005710000000000548}}}