{"C1": 0.22510552021123595, "C2": 0.21301507520933077, "C3": 0.15219092564204909, "C4": 0.1769619558489288, "C5": 0.11331125718507579, "C6": 0.12718873534867256, "C7": 0.10055690436441991, "C8": 0.0952888373352063, "C9": 0.09037454323069898, "C10": 0.09376765071011847}