{"C1": {"CISA_ea37b1567fc3a0d906959cd206129aa70113d7d0.txt": 0.33416344389733066, "AU_1bd5437f42d76ed7b2a59ecc9ea2bc69a568ff1b.txt": 0.08868336732296911}, "C2": {"CISA_ea37b1567fc3a0d906959cd206129aa70113d7d0.txt": 0.35428699690847676, "AU_1bd5437f42d76ed7b2a59ecc9ea2bc69a568ff1b.txt": 0.07391975884369166}, "C3": {"CISA_ea37b1567fc3a0d906959cd206129aa70113d7d0.txt": 0.21307840114043605, "AU_1bd5437f42d76ed7b2a59ecc9ea2bc69a568ff1b.txt": 0.08525195356021847}, "C4": {"CISA_ea37b1567fc3a0d906959cd206129aa70113d7d0.txt": 0.2496421752399704, "AU_1bd5437f42d76ed7b2a59ecc9ea2bc69a568ff1b.txt": 0.05795290598209089}, "C5": {"CISA_ea37b1567fc3a0d906959cd206129aa70113d7d0.txt": 0.15644533564031224, "AU_1bd5437f42d76ed7b2a59ecc9ea2bc69a568ff1b.txt": 0.041802140271571205}, "C6": {"CISA_ea37b1567fc3a0d906959cd206129aa70113d7d0.txt": 0.1595383711128111, "AU_1bd5437f42d76ed7b2a59ecc9ea2bc69a568ff1b.txt": 0.0472663213857138}, "C7": {"CISA_ea37b1567fc3a0d906959cd206129aa70113d7d0.txt": 0.13414293807093325, "AU_1bd5437f42d76ed7b2a59ecc9ea2bc69a568ff1b.txt": 0.03605292407715174}, "C8": {"CISA_ea37b1567fc3a0d906959cd206129aa70113d7d0.txt": 0.11815185122548776, "AU_1bd5437f42d76ed7b2a59ecc9ea2bc69a568ff1b.txt": 0.04447882099845988}, "C9": {"CISA_ea37b1567fc3a0d906959cd206129aa70113d7d0.txt": 0.13779195950720377, "AU_1bd5437f42d76ed7b2a59ecc9ea2bc69a568ff1b.txt": 0.03780518747049762}, "C10": {"CISA_ea37b1567fc3a0d906959cd206129aa70113d7d0.txt": 0.13521084313321952, "AU_1bd5437f42d76ed7b2a59ecc9ea2bc69a568ff1b.txt": 0.04200521333470203}}