{"C1": {"doc1": 0.5409234901177605, "doc2": 0.5407513256662764, "doc3": 0.541026788788651, "doc4": 0.541112871014393, "doc5": 0.541026788788651, "doc6": 0.5408692356720814}, "C2": {"doc1": 0.5408718407823153, "doc2": 0.5408718407823153, "doc3": 0.5409062736726121, "doc4": 0.5409234901177605, "doc5": 0.5410095723435026, "doc6": 0.5407831045115502}, "C3": {"doc1": 0.5410784381240962, "doc2": 0.5406824598856828, "doc3": 0.5409751394532057, "doc4": 0.5408546243371669, "doc5": 0.5411473039046898, "doc6": 0.5408692356720814}, "C4": {"doc1": 0.5410612216789478, "doc2": 0.5407857585565733, "doc3": 0.5409407065629089, "doc4": 0.5411300874595414, "doc5": 0.5408546243371669, "doc6": 0.5407314258152315}, "C5": {"doc1": 0.5409751394532057, "doc2": 0.5407168927759796, "doc3": 0.5409579230080573, "doc4": 0.5409751394532057, "doc5": 0.5410440052337994, "doc6": 0.5409381406005065}, "C6": {"doc1": 0.5408374078920185, "doc2": 0.5408029750017217, "doc3": 0.5410612216789478, "doc4": 0.5409579230080573, "doc5": 0.5412161696852834, "doc6": 0.5405591634941689}, "C7": {"doc1": 0.540734109221128, "doc2": 0.5409407065629089, "doc3": 0.5413366848013222, "doc4": 0.5410612216789478, "doc5": 0.5409234901177605, "doc6": 0.540972593064719}, "C8": {"doc1": 0.5412506025755802, "doc2": 0.5409407065629089, "doc3": 0.5409579230080573, "doc4": 0.5408029750017217, "doc5": 0.5407857585565733, "doc6": 0.5408520094399752}, "C9": {"doc1": 0.5406996763308312, "doc2": 0.5411300874595414, "doc3": 0.5407513256662764, "doc4": 0.5406824598856828, "doc5": 0.541112871014393, "doc6": 0.5409553668326127}, "C10": {"doc1": 0.5408374078920185, "doc2": 0.5409407065629089, "doc3": 0.5410784381240962, "doc4": 0.5411300874595414, "doc5": 0.5408546243371669, "doc6": 0.5407486520473377}}