{"C1": {"doc1": {"value": 0.19953920514018864, "time": 0.001768350601196289, "cpu_time": 0.0017649999999997945}}, "C2": {"doc1": {"value": 0.28721711024118296, "time": 0.003845691680908203, "cpu_time": 0.0038360000000001726}}, "C3": {"doc1": {"value": 0.3396746543574021, "time": 0.005702018737792969, "cpu_time": 0.005730000000000235}}, "C4": {"doc1": {"value": 0.3165141592935624, "time": 0.0073010921478271484, "cpu_time": 0.0073150000000001825}}, "C5": {"doc1": {"value": 0.25650950439709214, "time": 0.009189844131469727, "cpu_time": 0.009297999999999806}}, "C6": {"doc1": {"value": 0.14714516691554394, "time": 0.011450052261352539, "cpu_time": 0.011524999999999785}}, "C7": {"doc1": {"value": 0.3342802578674114, "time": 0.014720916748046875, "cpu_time": 0.01483499999999971}}, "C8": {"doc1": {"value": 0.29553000281544906, "time": 0.01699090003967285, "cpu_time": 0.017145000000000188}}, "C9": {"doc1": {"value": 0.3608916783815823, "time": 0.016729116439819336, "cpu_time": 0.017025999999999986}}, "C10": {"doc1": {"value": 0.206269833633241, "time": 0.019831180572509766, "cpu_time": 0.0199429999999996}}}