{"C1": {"doc1": 0.19953920514018864, "doc2": 0.19957766087717782, "doc3": 0.19951225595321384, "doc4": 0.19949690382950047, "doc5": 0.19951225595321384, "doc6": 0.19966861709744665}, "C2": {"doc1": 0.2872171102411603, "doc2": 0.2872171102411603, "doc3": 0.28720496049955213, "doc4": 0.287196743017802, "doc5": 0.28716636866378153, "doc6": 0.28739639829911834}, "C3": {"doc1": 0.3396746543573318, "doc2": 0.33981524798802193, "doc3": 0.3397128595404224, "doc4": 0.3397529514054961, "doc5": 0.3396526310418345, "doc6": 0.33996810709259406}, "C4": {"doc1": 0.3165141592935793, "doc2": 0.31664525880927724, "doc3": 0.31657161467013145, "doc4": 0.3164814285650701, "doc5": 0.31661235147910705, "doc6": 0.3167763028317799}, "C5": {"doc1": 0.2565095043970374, "doc2": 0.2566001014447136, "doc3": 0.2565155442002158, "doc4": 0.2565095043970374, "doc5": 0.25648534518432375, "doc6": 0.2566308636499882}, "C6": {"doc1": 0.14714516691546387, "doc2": 0.1471573102584586, "doc3": 0.14706623518599796, "doc4": 0.1471028398202206, "doc5": 0.14701159014252155, "doc6": 0.147203782304146}, "C7": {"doc1": 0.3342802578672314, "doc2": 0.3342294492256355, "doc3": 0.3341320659959102, "doc4": 0.3341998108513714, "doc5": 0.33422483475744574, "doc6": 0.3344952008189828}, "C8": {"doc1": 0.2955300028154341, "doc2": 0.2956338719480809, "doc3": 0.29562838641214506, "doc4": 0.29567775623556775, "doc5": 0.2956832417715036, "doc6": 0.2958390862481354}, "C9": {"doc1": 0.3608916783820016, "doc2": 0.3607059230787397, "doc3": 0.3608685063867908, "doc4": 0.3608994023804052, "doc5": 0.3607063024203154, "doc6": 0.36095924339114255}, "C10": {"doc1": 0.2062698336330856, "doc2": 0.20620858138941547, "doc3": 0.20614457770882066, "doc4": 0.2061205763285976, "doc5": 0.20624858368978724, "doc6": 0.2062623854967903}}