{"C1": {"bundle": 0.5555443446774121, "identity": 0.16199637312908563, "indicator": 0.23120078631682126, "ipv4-addr": 0.15964832983869667, "domain-name": 0.14983101168943203, "email-message": 0.08981818564904606, "url": 0.4826504174351222, "file": 0.08424652566251106, "report": 0.293590266343647, "threat-actor": 0.3106024743933938, "vulnerability": 0.44719117563748984}, "C2": {"bundle": 0.11290642553545649, "identity": 0.5826180688487047, "indicator": 0.36535310933492604, "ipv4-addr": 0.40180347001080746, "domain-name": 0.30808674379749007, "email-message": 0.010562394187221014, "url": 0.5017557116902028, "file": 0.1378869360474371, "report": 0.31245604774418784, "threat-actor": 0.03510983663948023, "vulnerability": 0.2415590489299867}, "C3": {"bundle": 0.4330530114170704, "identity": 0.38710682947121533, "indicator": 0.36214447879528844, "ipv4-addr": 0.4739286203106728, "domain-name": 0.2203753390151971, "email-message": 0.14442676556514505, "url": 0.7214578808165475, "file": 0.11666378238171166, "report": 0.1459506363097059, "threat-actor": 0.12906354624491456, "vulnerability": 0.7473286230455529}, "C4": {"bundle": 0.10209730590920607, "identity": 0.551425855425672, "indicator": 0.49206195754521237, "ipv4-addr": 0.39026961917509306, "domain-name": 0.3787642732880622, "email-message": 0.15362499982028446, "url": 0.4151605035394886, "file": 0.0738232679541784, "report": 0.2954643996104628, "threat-actor": 0.1426257296179694, "vulnerability": 0.7123649342774354}, "C5": {"bundle": 0.6649500053428796, "identity": 0.03161334387210335, "indicator": 0.36315151256396333, "ipv4-addr": 0.20523594692350755, "domain-name": 0.1632213231725841, "email-message": 0.09397924777084164, "url": 0.6963144892986785, "file": 0.019580432733078194, "report": 0.23040087777420448, "threat-actor": 0.11232964836995563, "vulnerability": 0.6707333857911733}, "C6": {"bundle": 0.13641375695768299, "identity": 0.23379575430233057, "indicator": 0.3651296781347127, "ipv4-addr": 0.09546350093836456, "domain-name": 0.04156309974116413, "email-message": 0.1962701131108712, "url": 0.041555287907522, "file": 0.1472962805245616, "report": 0.23082100182087162, "threat-actor": 0.27283100964176915, "vulnerability": 0.7059419215630837}, "C7": {"bundle": 0.6079311396953992, "identity": 0.31871975968128324, "indicator": 0.25449179069572486, "ipv4-addr": 0.40302419027280095, "domain-name": 0.6413103886158436, "email-message": 0.11615390671551795, "url": 0.42119704841156697, "file": 0.16679128311905217, "report": 0.49744311473889524, "threat-actor": 0.28336300573519446, "vulnerability": 0.6794527976099072}, "C8": {"bundle": 0.9219885818153527, "identity": 0.5663809341603583, "indicator": 0.3298478486037739, "ipv4-addr": 0.1312746172596485, "domain-name": 0.7262284629727168, "email-message": 0.18062991496668698, "url": 0.2131777852352123, "file": 0.19299192817487978, "report": 0.012741847480577172, "threat-actor": 0.027046065011392874, "vulnerability": 0.7125866457657559}, "C9": {"bundle": 0.4590057306987335, "identity": 0.5684949893349648, "indicator": 0.4645423529657304, "ipv4-addr": 0.4033786208369607, "domain-name": 0.6460132685429065, "email-message": 0.06976165863701088, "url": 0.5505680744542286, "file": 0.033276109633309466, "report": 0.014848061507900709, "threat-actor": 0.1260969145404311, "vulnerability": 0.6724116108182692}, "C10": {"bundle": 0.2513934278886193, "identity": 0.31473787027750894, "indicator": 0.4810795912545174, "ipv4-addr": 0.19100978716601535, "domain-name": 0.31143071434148567, "email-message": 0.018933433941698125, "url": 0.2181660126003727, "file": 0.022790333797273025, "report": 0.7367001175828634, "threat-actor": 0.2050412297878002, "vulnerability": 0.17579924059653843}}